Al Horn,ahorn@menard-inc.com
Bob Felch,bfelch@menards.net
Bryan Thompson,bthompso@menard-inc.com
Dan Riley,driley@menard-inc.com
Dan Sweeney,dsweeney@menard-inc.com
David Bailey,dbailey@menard-inc.com
Hugh Roberts,hroberts@menards.net
J.R. Menard,jrmenard@menards.net
Jeff Bray,jbray@menards.net
Jeff Engedal,jengedal@menards.net
John Bogumill,jbogumil@menard-inc.com
Jon Schmidt,jschmidt@menards.net
Josh Kildahl,jkildahl@menards.net
Ken Books,kbooks@menards.net
Pat Meighen,pmeighen@menards.net
Ron Mehr,rmehr@menard-inc.com
Steve Piontek,spiontek@menards.net
Stephen Lake,slake@menards.net
Tom Regez,tregez@menard-inc.com
FP,fpeng9943@menards.com
Roc Wang,Roc.Wang@bleum.com