Adam Barthels,abarthel@menards.net
Amber Chapek,achapek@menards.net
Amber Zastrow,azastrow@menard-inc.com
Allison Williams,awilliam@menards.net
Ashley Schick,aschick@menard-inc.com
Becky Wathke,bwathke@menard-inc.com
Bethany Knutson,bknutson@menards.net
Brandon Ivy,bivy@menards.net
Brenda Olson,bolson@menard-inc.com
Brian Mattice,bmattice@menards.net
Bryan Thompson,bthompso@menards.net
Caitlin Bosak,cbosak@menard-inc.com
Chad Hughes,chughes@menards.net
Charlene Dehnke,cdehnke@menards.net
Chelsey Schwartz,cschwart@menards.net
Chris Davern,chdavern@menards.net
Christine Busse,cbusse@menard-inc.com
Colin Wieneke,cwieneke@menard-inc.com
Dave Pietila,dpietila@menards.net
Debra Plank,dplank@menards.net
Desiree Polus,dpolus@menards.net
Eric Tronrud,etronrud@menards.net
Grant Riehm,griehm@menards.net
Hugh Roberts,hroberts@menards.net
Jamie Sherman,jsherman@menards.net
Jason Benson,jbenson@menards.net
Jason Best,jbest@menards.net
Jason VerPlank,jverplan@menard-inc.com
Jim Hundt,jhundt@menards.net
Jim Jeter,jjeter@menards.net
Joe Bauer,jobauer@menards.net
Jordan Meyers,jmeyers@menards.net
Justin Hartwig,jhartwig@menards.net
Justine Allram,jallram@menard-inc.com
Kari Rosengren,krosengr@menards.net
Katie Fenner,kfenner@menards.net
Kimberly Decker,kdecker@menard-inc.com
Kristin Hakes,khakes@menards.net
Kyle Bice,kbice@menard-inc.com
LaRhea Alexander,lalexand@menards.net
Lisa Holte,lholte@menards.net
Maria Peterangelo,mpeteran@menards.net
Marie Jentlie,mjentlie@menard-inc.com
Mark Golas,mgolas@menards.net
Mark Mahowald,mmahowal@menards.net
Matt Ender,mender@menards.net
Matt Erickson,merickso@menards.net
Megan Kistner,mkistner@menards.net
Melissa Corlett,mcorlett@menard-inc.com
Michael Buenger,mbuenger@menards.net
Michelle Buckley,mbuckley@menards.net
Michelle Nett,mnett@menard-inc.com
Nancy Baumgartner,nbaumgar@menards.net
Paula Carlson,pacarlso
Samantha Stanek,sstanek@menards.net
Scott Mueller,smueller@menards.net
Shauna Barden,sbarden@menard-inc.com
Stephen Lake,slake@menard-inc.com
Steven Schultz,sschultz@menards.net
Rachel Myers,rmyers@menards.net
Rick Statz,rstatz@menards.net
Robert Gale,rgale@menards.net
Russ Welsh,rwelsh@menards.net
Ryan Vonnahme,rvonnahm@menards.net
Tammy Heller,theller@menards.net
Terri Eslinger,teslinge@menards.net
Tom Little,tlittle@menards.net
Wayne Hanson,whanson@menards.net
Barb Davis-Waite,bdavis@menard-inc.com
FP,fpeng9943@menards.com
Roc Wang,Roc.Wang@bleum.com
