<?xml version="1.0" encoding="UTF-8"?>
<jboss-web>
    <resource-ref>
        <res-ref-name>jdbc/MenardsRental</res-ref-name>
        <res-type>javax.sql.DataSource</res-type>
        <jndi-name>java:/jdbc/MenardsRental</jndi-name>
    </resource-ref>
    <resource-ref>
        <res-ref-name>jdbc/MenardsRental_Attachments</res-ref-name>
        <res-type>javax.sql.DataSource</res-type>
        <jndi-name>java:/jdbc/MenardsRental_Attachments</jndi-name>
    </resource-ref>
    <resource-ref>
        <res-ref-name>jdbc/rights</res-ref-name>
        <res-type>javax.sql.DataSource</res-type>
        <jndi-name>java:/jdbc/rights</jndi-name>
    </resource-ref>
</jboss-web>