<?xml version="1.0" encoding="UTF-8"?>

<beans xmlns="http://www.springframework.org/schema/beans"
    xmlns:p="http://www.springframework.org/schema/p"
    xmlns:sec="http://www.springframework.org/schema/security"
    xmlns:context="http://www.springframework.org/schema/context"
    xmlns:util="http://www.springframework.org/schema/util"
    xmlns:xsi="http://www.w3.org/2001/XMLSchema-instance"
    xsi:schemaLocation="
        http://www.springframework.org/schema/beans
        http://www.springframework.org/schema/beans/spring-beans-3.2.xsd
        http://www.springframework.org/schema/context
        http://www.springframework.org/schema/context/spring-context-3.2.xsd
        http://www.springframework.org/schema/security
        http://www.springframework.org/schema/security/spring-security-3.1.xsd
        http://www.springframework.org/schema/util
        http://www.springframework.org/schema/util/spring-util-3.2.xsd">

    <context:component-scan base-package="org.broadleafcommerce.common.web.security"/>
    <context:component-scan base-package="org.broadleafcommerce.profile.web.core.security"/>
    <context:component-scan base-package="org.broadleafcommerce.core.web.order.security"/>
    
    <!-- Resources do not need security -->
    <sec:http pattern="/rest/**" security="none" />
    <sec:http pattern="/css/**" security="none" />
    <sec:http pattern="/fonts/**" security="none" />
    <sec:http pattern="/img/**" security="none" />
    <sec:http pattern="/js/**" security="none" />       
    <sec:http pattern="/favicon.ico" security="none" />       
    <sec:http pattern="/robots.txt" security="none" />
    
    <!-- Set up Spring security for the application -->
    <sec:http auto-config="false" authentication-manager-ref="blAuthenticationManager">
        <!-- We handle session fixation protection ourselves  -->
        <sec:session-management session-fixation-protection="none" invalid-session-url="/timeout"/>
        
        <!-- Wishlist modifications live under /account, but we don't need HTTPS -->
    <!--     <sec:intercept-url pattern="/account/wishlist/**" access="ROLE_USER" requires-channel="any" /> -->
        <sec:intercept-url pattern="/" access="ROLE_SSC" requires-channel="any" />
        <!-- Specify these URLs as requiring HTTPS to encrypt user data  -->
        <sec:intercept-url pattern="/register*" requires-channel="https" />
        <sec:intercept-url pattern="/login*/**" requires-channel="http" />
      <!--   <sec:intercept-url pattern="/account/**" access="ROLE_USER" requires-channel="https" /> -->
        <sec:intercept-url pattern="/checkout/**" requires-channel="https" />
        <sec:intercept-url pattern="/confirmation/**" requires-channel="https" />
        
        <!-- Since the cart page is viewing as a modal, we want to allow it on any page -->
        <!-- <sec:intercept-url pattern="/cart/**" requires-channel="any" /> -->
        
        <!-- Static assets should be allowed to be served under any channel -->
        <sec:intercept-url pattern="/**/${asset.server.url.prefix.internal}/**" requires-channel="any"/>
        <sec:access-denied-handler  ref="menardAccessDeniedHandler"/>
        <!-- All URLs not explicitly specified as https will be served under http -->
        <sec:intercept-url pattern="/" requires-channel="http"/>
        <sec:intercept-url pattern="/**" requires-channel="http"/>
        
        <!-- Define the login form along with the success and failure handlers -->
        <!-- <sec:form-login login-page='/login'
            authentication-success-handler-ref="blAuthenticationSuccessHandler"
            authentication-failure-handler-ref="blAuthent icationFailureHandler"
            login-processing-url="/login_post" 
        /> -->
        
        <sec:form-login login-page='/login' 
            default-target-url="/"
            authentication-failure-handler-ref="blAuthenticationFailureHandler"
            login-processing-url="/loginCheck" 
        />
        
        <!-- Provide the logout handler -->
        <sec:logout delete-cookies="ActiveID" invalidate-session="true" logout-url="/logout"/>
        
        <!-- Specify our custom filters -->
        <sec:custom-filter ref="blPreSecurityFilterChain" before="CHANNEL_FILTER"/>
       <!--  <sec:custom-filter ref="blCsrfFilter" after="FORM_LOGIN_FILTER"/> -->
        <sec:custom-filter ref="blCustomerStateFilter" after="REMEMBER_ME_FILTER"/>
        <sec:custom-filter ref="blSessionFixationProtectionFilter" before="SESSION_MANAGEMENT_FILTER"/>
        <sec:custom-filter ref="blPostSecurityFilterChain" after="SWITCH_USER_FILTER"/>
    </sec:http>
    
    <!--  The BLC Authentication manager.   -->
    <sec:authentication-manager alias="blAuthenticationManager">
        <sec:authentication-provider user-service-ref="menardUserDetailsService">
            <sec:password-encoder ref="blPasswordEncoder" />
        </sec:authentication-provider>
    </sec:authentication-manager>
    
    <!--  User details service that authenticates using customer data in the database. -->
   <!--  <sec:jdbc-user-service data-source-ref="webDS" 
        id="blUserDetailsService"
        users-by-username-query="SELECT USER_NAME, 'A' as PASSWORD, TRUE FROM security.user_info WHERE USER_NAME=?"
        authorities-by-username-query="SELECT USER_NAME,sp_role as ROLE_NAME FROM security.user_info WHERE USER_NAME=?" /> -->
        
        
    <!-- Menard custom jdbc user service -->
    <bean id="menardUserDetailsService" class="com.menards.ssc.security.MenardJdbcUserDetailsManager">
        <property name="dataSource"          ref="rightsDS" />
        <property name="rolePrefix"          value="ROLE_" />
        <property name="securityDelegate"    ref="menardSecurityDelegate" />
        <property name="usersByUsernameQuery" value="SELECT LOWER(USER_NAME), 'A' as PASSWORD, TRUE FROM rights.user_info WHERE USER_NAME=?" />
        <property name="authoritiesByUsernameQuery" value="SELECT USER_NAME, VALUE AS ROLE_NAME FROM rights.user_right WHERE SYSTEM='CATALOGS' AND THERIGHT='FULFILLER_ROLE' AND USER_NAME=?
          UNION SELECT DISTINCT USER_NAME, 'STORE' AS ROLE_NAME FROM rights.user_right WHERE SYSTEM='CATALOGS' AND USER_NAME=?" />
    </bean> 
    
    <bean id="menardSecurityDelegate" class="com.menards.ssc.security.MenardSecurityDelegate">
        <property name="sds" ref="menardConcreteMySQLSecurityDAO" />
    </bean>
    
    <bean id="menardConcreteMySQLSecurityDAO" class="com.menards.ssc.security.MenardConcreteMySQLSecurityDAO">
        <property name="ds" ref="rightsDS" />
    </bean>
    
    <bean id="menardAccessDeniedHandler" class="com.menards.ssc.security.MenardAccessDeniedHandlerImpl">
        <property name="errorPage" value="/error" />
    </bean>    
    
    <bean id="blCsrfFilter" class="org.broadleafcommerce.common.security.handler.CsrfFilter" />
                                          
    <!-- Sets the login failure URL -->
    <bean id="blAuthenticationFailureHandler" class="org.broadleafcommerce.common.security.BroadleafAuthenticationFailureHandler">
        <constructor-arg value="/fail" />
        <property name="redirectStrategy" ref="blAuthenticationFailureRedirectStrategy" />
    </bean>

    <!-- Sets the login success URL -->
    <bean id="blAuthenticationSuccessHandler" class="org.broadleafcommerce.core.web.order.security.BroadleafAuthenticationSuccessHandler">
        <property name="redirectStrategy" ref="blAuthenticationSuccessRedirectStrategy" />
        <property name="defaultTargetUrl" value="/" />
        <property name="targetUrlParameter" value="successUrl" />
        <property name="alwaysUseDefaultTargetUrl" value="false" />
    </bean>
    
</beans>