<?xml version="1.0" encoding="UTF-8"?>

<beans xmlns="http://www.springframework.org/schema/beans"
    xmlns:xsi="http://www.w3.org/2001/XMLSchema-instance"
    xmlns:context="http://www.springframework.org/schema/context"
    xmlns:aop="http://www.springframework.org/schema/aop"
    xmlns:mvc="http://www.springframework.org/schema/mvc"
    xsi:schemaLocation="http://www.springframework.org/schema/beans
       http://www.springframework.org/schema/beans/spring-beans-3.2.xsd
       http://www.springframework.org/schema/context
       http://www.springframework.org/schema/context/spring-context-3.2.xsd
       http://www.springframework.org/schema/aop
       http://www.springframework.org/schema/aop/spring-aop-3.2.xsd
       http://www.springframework.org/schema/mvc
       http://www.springframework.org/schema/mvc/spring-mvc-3.2.xsd">
    
    <!-- Scan Broadleaf defined web utility classes -->
    <!--  context:component-scan base-package="org.broadleafcommerce.cms.web"/ -->
    <context:component-scan base-package="org.broadleafcommerce.common.web"/>
    <context:component-scan base-package="org.broadleafcommerce.core.web"/> 
    <context:component-scan base-package="org.broadleafcommerce.profile.web"/>
    <context:component-scan base-package="com.menards.ssc.controller"/>
    <context:component-scan base-package="com.menards.ssc.listener"/>
    <context:component-scan base-package="com.menards.ssc.service"/>
    <context:component-scan base-package="com.menards.ssc.dao"/>
    
    <!-- Turn on AOP annotations (required by Broadleaf) -->
    <aop:config/>
    
    <!--  Checks for a URL match to a product's SEO URL.   -->
    <bean class="org.broadleafcommerce.core.web.catalog.ProductHandlerMapping">
      <property name="order" value="2"/>
    </bean>
    
    <!--  Checks for a URL match to a CMS managed page URL.   -->
    <bean class="org.broadleafcommerce.cms.web.PageHandlerMapping">
      <property name="order" value="3"/>
    </bean>
    
    <!--  Checks for a URL match to a category's SEO URL -->
    <bean class="com.menards.ssc.handler.navigation.MenardCategoryHandlerMapping">
      <property name="order" value="4"/>
    </bean>

    <!-- Allow annotation driven controllers -->
    <mvc:annotation-driven  ignoreDefaultModelOnRedirect="true"/>

    <!-- Disable caching for any non-resource. This prevents the header from becoming stagnant -->
    <mvc:interceptors>
        <bean id="webContentInterceptor" class="org.broadleafcommerce.core.web.interceptor.NonResourceWebContentInterceptor">
            <property name="cacheSeconds" value="0"/>
            <property name="useExpiresHeader" value="true"/>
            <property name="useCacheControlHeader" value="true"/>
            <property name="useCacheControlNoStore" value="true"/>
        </bean>
        <!-- Interceptor for blLocalCode-->
        <bean class="org.springframework.web.servlet.i18n.LocaleChangeInterceptor">
            <property name="paramName" value="blLocaleCode"/>
        </bean>
    </mvc:interceptors>

    <!-- Default locale set -->
    <bean id="localeResolver" class="org.springframework.web.servlet.i18n.CookieLocaleResolver">
        <property name="defaultLocale" value="en"/>
    </bean>
    
    <!-- Tell Spring to not try to map things in these directories to controllers -->
    <!-- Order must be set to supercede the handler configured by the mvc:annotation-driven annotation -->
    <mvc:resources order="-10" location="/img/" mapping="/img/**" />
    <mvc:resources order="-10" location="/fonts/" mapping="/fonts/**" />
    <mvc:resources order="-10" location="favicon.ico" mapping="favicon.ico" />
    <mvc:resources order="-10" location="robots.txt" mapping="robots.txt" />
    
    <bean id="blJsResources" class="org.broadleafcommerce.common.web.resource.BroadleafResourceHttpRequestHandler">
        <property name="locations">
            <list>
                <value>/js/</value>
                <value>classpath:/common_js/</value>
            </list>
        </property>
    </bean>
    
    <bean id="blCssResources" class="org.broadleafcommerce.common.web.resource.BroadleafResourceHttpRequestHandler">
        <property name="locations">
            <list>
                <value>/css/</value>
            </list>
        </property>
    </bean>
    
    <!-- Map various location URLs to our resource handlers -->
    <bean class="org.springframework.web.servlet.handler.SimpleUrlHandlerMapping">
        <property name="order" value="-10" />
        <property name="mappings">
            <props>
                <prop key="/js/**">blJsResources</prop>
                <prop key="/css/**">blCssResources</prop>
            </props>
        </property>
    </bean>
    

    <!-- Set up the view resolver to be used by Spring -->
    <bean class="org.broadleafcommerce.common.web.BroadleafThymeleafViewResolver">
        <property name="templateEngine" ref="blWebTemplateEngine" />
        <property name="order" value="1" />
        <property name="cache" value="${thymeleaf.view.resolver.cache}" />
        <property name="fullPageLayout" value="layout/fullPageLayout" />
        <property name="characterEncoding" value="UTF-8" />
        <property name="layoutMap">
            <map>
                <entry key="account/" value="layout/accountLayout" />
                <entry key="catalog/" value="layout/fullPageLayout" />
                <entry key="cart/"    value="layout/fullPageLayout" />
                <entry key="checkout/" value="layout/checkoutLayout" />
                <entry key="checkout/confirmation" value="layout/fullPageNoNavLayout" />
                <entry key="layout/" value="NONE" />
                <entry key="exception/"  value="NONE" />
                <entry key="order/orderItemsPrint"        value="NONE" />   
                <entry key="order/"  value="layout/fullPageLayout" />
                <entry key="inventory/getInvQuantityOnHand"  value="layout/fullPageLayout" />
                <entry key="inventory/updateInventory"  value="layout/fullPageLayout" />
                <entry key="inventory/print"  value="NONE" />
                <entry key="remodel"  value="layout/fullPageLayout" />
            </map>
        </property>
    </bean>
    
    <!-- This validator will additionally require state on shipping addresses -->
    <bean id="blShippingInfoFormValidator" class="org.broadleafcommerce.core.web.checkout.validator.USShippingInfoFormValidator" />

</beans>
