<?xml version="1.0" encoding="UTF-8"?>
<beans xmlns="http://www.springframework.org/schema/beans"
    xmlns:xsi="http://www.w3.org/2001/XMLSchema-instance" xmlns:cxf="http://cxf.apache.org/core"
    xmlns:secs="http://cxf.apache.org/configuration/security" xmlns:https="http://cxf.apache.org/transports/http/configuration"
    xmlns:jaxws="http://cxf.apache.org/jaxws"
    xsi:schemaLocation="http://cxf.apache.org/core 
      http://cxf.apache.org/schemas/core.xsd
      http://cxf.apache.org/configuration/secsurity
      http://cxf.apache.org/schemas/configuration/security.xsd
      http://cxf.apache.org/transports/http/configuration
      http://cxf.apache.org/schemas/configuration/http-conf.xsd
      http://cxf.apache.org/jaxws 
      http://cxf.apache.org/schemas/jaxws.xsd
      http://www.springframework.org/schema/beans
      http://www.springframework.org/schema/beans/spring-beans-3.2.xsd"> 

    <cxf:bus>
        <cxf:features>
            <cxf:logging />
        </cxf:features>
    </cxf:bus>
    <jaxws:client id="skuService" serviceClass="com.menards.service.sku.SkuService" 
        address="${webservice.url}" />
        <https:conduit name="*.http-conduit">
	        <https:tlsClientParameters>           
	            <secs:trustManagers>
	                <secs:keyStore type="JKS" password="${webservice.truststore.password}"
	                    file="${webservice.truststore.file}" />
	            </secs:trustManagers>
	            <secs:cipherSuitesFilter>
	                <secs:include>.*_EXPORT_.*</secs:include>
	                <secs:include>.*_EXPORT1024_.*</secs:include>
	                <secs:include>.*_WITH_DES_.*</secs:include>
	                <secs:include>.*_WITH_AES_.*</secs:include>
	                <secs:include>.*_WITH_NULL_.*</secs:include>
	                <secs:exclude>.*_DH_anon_.*</secs:exclude>
	            </secs:cipherSuitesFilter>
	        </https:tlsClientParameters>
	        <https:authorization>
	            <secs:UserName>${webservice.username}</secs:UserName>
	            <secs:Password>${webservice.password}</secs:Password>
	            <secs:AuthorizationType>Basic</secs:AuthorizationType>
	        </https:authorization>
	        <https:client ConnectionTimeout="1000000" ReceiveTimeout="2000000"/>  
    </https:conduit>
</beans>