<?xml version="1.0" encoding="UTF-8"?>
<beans xmlns="http://www.springframework.org/schema/beans"
       xmlns:aop="http://www.springframework.org/schema/aop"
       xmlns:p="http://www.springframework.org/schema/p"
       xmlns:xsi="http://www.w3.org/2001/XMLSchema-instance"
       xsi:schemaLocation="
       http://www.springframework.org/schema/batch http://www.springframework.org/schema/batch/spring-batch-2.1.xsd
	   http://www.springframework.org/schema/beans http://www.springframework.org/schema/beans/spring-beans.xsd
		">

	<job id="production-release-job" xmlns="http://www.springframework.org/schema/batch" incrementer="runIdIncrementer">
        <decision id="checkAvailableMcr" decider="checkAvailableMcrForProductionReleaseDecider">
            <end on="NO_AVAILABLE_MCR"/>
            <next on="CONTINUE" to="productionReleaseStep"/>
        </decision>
        <step id="productionReleaseStep" next="sendProductionReleaseEmail">
            <tasklet ref="productReleaseTasklet"/>
        </step>
        <step id="sendProductionReleaseEmail" next="updateMcrAfterProductionReleasedStep">
            <tasklet ref="sendProductionReleaseEmailTasklet"/>
        </step>
        <step id="updateMcrAfterProductionReleasedStep">
            <tasklet ref="updateMcrAfterProductionReleasedTasklet"/>
        </step>
        <listeners>
            <listener ref="jobFailedListener"/>
        </listeners>
    </job>


</beans>