<?xml version="1.0" encoding="UTF-8"?>
<beans xmlns="http://www.springframework.org/schema/beans"
       xmlns:aop="http://www.springframework.org/schema/aop"
       xmlns:p="http://www.springframework.org/schema/p"
       xmlns:xsi="http://www.w3.org/2001/XMLSchema-instance"
       xsi:schemaLocation="
       http://www.springframework.org/schema/batch http://www.springframework.org/schema/batch/spring-batch-2.1.xsd
	   http://www.springframework.org/schema/beans http://www.springframework.org/schema/beans/spring-beans.xsd
		">
    <bean id="runIdIncrementer" class="org.springframework.batch.core.launch.support.RunIdIncrementer"/>

    <bean id="sourceToTargetTasklet" class="com.menards.autoloader.tasklet.SourceTableToTargetTableTasklet"
          p:sourceToTargetImporter-ref="sourceTableToTargetTableImporter" />

    <bean id="sourceTableToTargetTableImporter" class="com.menards.autoloader.service.SourceTableToTargetTableImporter">
        <constructor-arg name="sourceDaoFactory" ref="stageDaoFactory"/>
        <constructor-arg name="targetDaoFactory" ref="stageDaoFactory"/>
    </bean>

    <bean id="excelToSourceTableTasklet" class="com.menards.autoloader.tasklet.ExcelToSourceTableTasklet"
          p:importer-ref="excelToSourceTableImporter" />

    <bean id="excelToSourceTableImporter" class="com.menards.autoloader.service.ExcelToSourceTableImporter">
        <constructor-arg name="daoFactory" ref="stageDaoFactory"/>
    </bean>

    <bean id="stageToProductionTasklet" class="com.menards.autoloader.tasklet.SourceTableToTargetTableTasklet"
          p:sourceToTargetImporter-ref="stageToProductionImporter" />

    <bean id="stageToProductionImporter" class="com.menards.autoloader.service.SourceTableToTargetTableImporter">
        <constructor-arg name="sourceDaoFactory" ref="stageDaoFactory"/>
        <constructor-arg name="targetDaoFactory" ref="productionDaoFactory"/>
    </bean>

    <bean id="productReleaseTasklet" class="com.menards.autoloader.tasklet.ProductionReleaseTasklet"
          p:preProductionService-ref="preProductionService"/>

    <bean id="updateMcrAfterPublishedToProductionTasklet"
          class="com.menards.autoloader.tasklet.UpdateMcrAfterPublishToProductionTasklet"/>

    <bean id="removeExcelValidationHistoryAfterStagePublishedTasklet"
          class="com.menards.autoloader.tasklet.RemoveExcelValidationHistoryAfterStagePublished"/>

    <bean id="sendStagePublishEmailTasklet"
          class="com.menards.autoloader.tasklet.SendStagePublishEmailTasklet"/>

    <bean id="fileMoveToStageTasklet" class="com.menards.autoloader.tasklet.FileMoveTasklet">
        <constructor-arg name="fileMoveService" ref="fileMoveService"/>
        <constructor-arg name="targetEnvironment" value="STAGE"/>
        <constructor-arg name="targetRootFolder" value="${stage.resource.root.folder}"/>
    </bean>

    <bean id="fileMoveToProductionTasklet" class="com.menards.autoloader.tasklet.FileMoveTasklet">
        <constructor-arg name="fileMoveService" ref="fileMoveService"/>
        <constructor-arg name="targetEnvironment" value="PRODUCTION"/>
        <constructor-arg name="targetRootFolder" value="${production.resource.root.folder}"/>
    </bean>

    <bean id="updateMcrAfterProductionReleasedTasklet"
          class="com.menards.autoloader.tasklet.UpdateMcrAfterProductionReleasedTasklet"/>

    <bean id="sendProductionReleaseEmailTasklet"
          class="com.menards.autoloader.tasklet.SendProductionReleaseEmailTasklet"/>

    <bean id="cleanSourceTableByMcrIdTasklet"
          class="com.menards.autoloader.tasklet.CleanSourceTableByMcrIdTasklet"/>

    <bean id="fileMoveService" class="com.menards.autoloader.service.FileMoveService">
        <constructor-arg name="productionJdbcTemplate" ref="productionJdbcTemplate"/>
        <constructor-arg name="sourceJdbcTemplate" ref="stageJdbcTemplate"/>
        <constructor-arg name="stageJdbcTemplate" ref="stageJdbcTemplate"/>
    </bean>

    <bean id="jobFailedListener" class="com.menards.autoloader.jobListener.JobFailedListener"/>

    <bean id="checkAvailableMcrForProductionReleaseDecider"
          class="com.menards.autoloader.jobDecider.CheckAvailableMcrForProductionReleaseDecider"
            p:mcrService-ref="mcrService"/>


</beans>