<?xml version="1.0" encoding="UTF-8"?>
<beans xmlns="http://www.springframework.org/schema/beans"
       xmlns:p="http://www.springframework.org/schema/p"
       xmlns:xsi="http://www.w3.org/2001/XMLSchema-instance"
       xmlns:jee="http://www.springframework.org/schema/jee"
       xmlns:tx="http://www.springframework.org/schema/tx"
       xmlns:jdbc="http://www.springframework.org/schema/jdbc" xmlns:aop="http://www.springframework.org/schema/aop"
       xsi:schemaLocation="http://www.springframework.org/schema/jee http://www.springframework.org/schema/jee/spring-jee-3.0.xsd
    	http://www.springframework.org/schema/tx http://www.springframework.org/schema/tx/spring-tx-3.0.xsd
	    http://www.springframework.org/schema/jdbc http://www.springframework.org/schema/jdbc/spring-jdbc-3.0.xsd
		http://www.springframework.org/schema/beans http://www.springframework.org/schema/beans/spring-beans.xsd
		http://www.springframework.org/schema/aop http://www.springframework.org/schema/aop/spring-aop.xsd">

    <bean id="jobInstanceIncrementer" class="com.menards.autoloader.utils.SimpleMySQLMaxValueIncrementer">
        <constructor-arg name="dataSource" ref="dataSource"/>
        <constructor-arg name="incrementerName" value="BATCH_JOB_SEQ"/>
        <constructor-arg name="columnName" value="ID"/>
    </bean>

    <bean id="jobExecutionIncrementer" class="com.menards.autoloader.utils.SimpleMySQLMaxValueIncrementer">
        <constructor-arg name="dataSource" ref="dataSource"/>
        <constructor-arg name="incrementerName" value="BATCH_JOB_SEQ"/>
        <constructor-arg name="columnName" value="ID"/>
    </bean>

    <bean id="stepExecutionIncrementer" class="com.menards.autoloader.utils.SimpleMySQLMaxValueIncrementer">
        <constructor-arg name="dataSource" ref="dataSource"/>
        <constructor-arg name="incrementerName" value="BATCH_STEP_EXECUTION_SEQ"/>
        <constructor-arg name="columnName" value="ID"/>
    </bean>

    <bean id="jobRepository" class="org.springframework.batch.core.repository.support.SimpleJobRepository">
        <constructor-arg name="jobInstanceDao">
            <bean class="org.springframework.batch.core.repository.dao.JdbcJobInstanceDao"
                  p:jdbcTemplate-ref="simpleJdbcTemplate" p:jobIncrementer-ref="jobInstanceIncrementer" />
        </constructor-arg>
        <constructor-arg name="jobExecutionDao">
            <bean class="org.springframework.batch.core.repository.dao.JdbcJobExecutionDao"
                  p:jdbcTemplate-ref="simpleJdbcTemplate" p:jobExecutionIncrementer-ref="jobExecutionIncrementer"/>
        </constructor-arg>
        <constructor-arg name="stepExecutionDao">
            <bean class="org.springframework.batch.core.repository.dao.JdbcStepExecutionDao"
                  p:jdbcTemplate-ref="simpleJdbcTemplate" p:stepExecutionIncrementer-ref="stepExecutionIncrementer"/>
        </constructor-arg>
        <constructor-arg name="ecDao">
            <bean class="org.springframework.batch.core.repository.dao.JdbcExecutionContextDao"
                  p:jdbcTemplate-ref="simpleJdbcTemplate"/>
        </constructor-arg>
    </bean>
    <bean id="jobLauncher" class="org.springframework.batch.core.launch.support.SimpleJobLauncher">
        <property name="jobRepository" ref="jobRepository" />
    </bean>
</beans>