<?xml version="1.0" encoding="UTF-8"?>
<beans xmlns="http://www.springframework.org/schema/beans"
       xmlns:p="http://www.springframework.org/schema/p"
       xmlns:xsi="http://www.w3.org/2001/XMLSchema-instance"
       xmlns:jee="http://www.springframework.org/schema/jee"
       xmlns:jdbc="http://www.springframework.org/schema/jdbc"
       xmlns:tx="http://www.springframework.org/schema/tx"
       xmlns:aop="http://www.springframework.org/schema/aop"
       xsi:schemaLocation="http://www.springframework.org/schema/jee http://www.springframework.org/schema/jee/spring-jee-3.0.xsd
	    http://www.springframework.org/schema/jdbc http://www.springframework.org/schema/jdbc/spring-jdbc-3.0.xsd
		http://www.springframework.org/schema/beans http://www.springframework.org/schema/beans/spring-beans.xsd
		http://www.springframework.org/schema/tx http://www.springframework.org/schema/tx/spring-tx.xsd
		http://www.springframework.org/schema/aop http://www.springframework.org/schema/aop/spring-aop.xsd">
    <!--Must use "dataSource" as the name to override the bean defined in the "classpath:spring/batch/bootstrap/manager/data-source-context.xml"-->
    <bean id="dataSource" class="org.springframework.jdbc.datasource.DriverManagerDataSource">
        <property name="driverClassName" value="com.mysql.jdbc.Driver" />
        <property name="url" value="${spring.batch.mysql.jdbc.url}" />
        <property name="username" value="${spring.batch.mysql.username}" />
        <property name="password" value="${spring.batch.mysql.password}" />
    </bean>

    <bean id="productionNonXaDs" class="org.springframework.jdbc.datasource.DriverManagerDataSource">
        <property name="driverClassName" value="com.mysql.jdbc.Driver" />
        <property name="url" value="${production.mysql.jdbc.url}" />
        <property name="username" value="${production.mysql.username}" />
        <property name="password" value="${production.mysql.password}" />
    </bean>

    <bean id="stageNonXaDs" class="org.springframework.jdbc.datasource.DriverManagerDataSource">
        <property name="driverClassName" value="com.mysql.jdbc.Driver" />
        <property name="url" value="${stage.mysql.jdbc.url}" />
        <property name="username" value="${stage.mysql.username}" />
        <property name="password" value="${stage.mysql.password}" />
    </bean>
	
	<bean id="rightsDS" class = "org.apache.commons.dbcp.BasicDataSource" destroy-method="close">
        <property name="driverClassName"  value="com.mysql.jdbc.Driver" />
        <property name="url" value="${rights.mysql.jdbc.url}" />
        <property name="username" value="${rights.mysql.username}" />
        <property name="password" value="${rights.mysql.password}" />
    </bean>

    <bean id="productionNonXaJdbcTemplate" class="org.springframework.jdbc.core.JdbcTemplate">
        <constructor-arg name="dataSource" ref="productionNonXaDs"/>
    </bean>

    <bean id="productionMenardVendorDao" class="com.menards.autoloader.dao.target.MenardVendorDao">
        <constructor-arg name="jdbcTemplate" ref="productionNonXaJdbcTemplate"/>
    </bean>

    <bean id="stageMenardVendorDao" class="com.menards.autoloader.dao.target.MenardVendorDao">
        <constructor-arg name="jdbcTemplate" ref="stageNonXaJdbcTemplate"/>
    </bean>

    <bean id="stageNonXaJdbcTemplate" class="org.springframework.jdbc.core.JdbcTemplate">
        <constructor-arg name="dataSource" ref="stageNonXaDs"/>
    </bean>

    <bean id="springBatchTxManager" class="org.springframework.jdbc.datasource.DataSourceTransactionManager">
        <property name="dataSource" ref="dataSource"/>
    </bean>

    <bean id="stageXaDs" class="bitronix.tm.resource.jdbc.PoolingDataSource" init-method="init" destroy-method="close">
        <property name="className" value="com.mysql.jdbc.jdbc2.optional.MysqlXADataSource"/>
        <property name="uniqueName" value="stageXaDs" />
        <property name="allowLocalTransactions" value="true" />
        <property name="acquisitionTimeout" value="60" />
        <property name="applyTransactionTimeout" value="true" />
        <property name="driverProperties">
            <props>
                <prop key="URL">${stage.mysql.jdbc.url}</prop>
                <prop key="user">${stage.mysql.username}</prop>
                <prop key="password">${stage.mysql.password}</prop>
            </props>
        </property>
        <property name="minPoolSize" value="1" />
        <property name="maxPoolSize" value="5" />
        <property name="testQuery" value="select 1" />

    </bean>

    <bean id="productionXaDs" class="bitronix.tm.resource.jdbc.PoolingDataSource" init-method="init" destroy-method="close">
        <property name="className" value="com.mysql.jdbc.jdbc2.optional.MysqlXADataSource"/>
        <property name="uniqueName" value="productionXaDs" />
        <property name="allowLocalTransactions" value="true" />
        <property name="acquisitionTimeout" value="600" />
        <property name="applyTransactionTimeout" value="true" />
        <property name="driverProperties">
            <props>
                <prop key="URL">${production.mysql.jdbc.url}</prop>
                <prop key="user">${production.mysql.username}</prop>
                <prop key="password">${production.mysql.password}</prop>
            </props>
        </property>
        <property name="minPoolSize" value="1" />
        <property name="maxPoolSize" value="5" />
        <property name="testQuery" value="select 1" />

    </bean>

    <bean id="btmConfig" factory-method="getConfiguration" class="bitronix.tm.TransactionManagerServices">
        <property name="serverId" value="spring-btm" />
        <property name="defaultTransactionTimeout" value="600" />
    </bean>

    <!-- create BTM transaction manager -->
    <bean id="BitronixTransactionManager" factory-method="getTransactionManager"
          class="bitronix.tm.TransactionManagerServices" depends-on="btmConfig" destroy-method="shutdown" />

    <!--use this SimpleJdbcTemplate is required by JobRepository, otherwise would prefer JdbcTemplate-->
    <bean id="simpleJdbcTemplate" class="org.springframework.jdbc.core.simple.SimpleJdbcTemplate">
        <constructor-arg name="dataSource" ref="dataSource"/>
    </bean>

    <!--use this JdbcTemplate in step transactions, as this class is more powerful for batch insert.-->
    <bean id="autoLoaderBizJdbcTemplate" class="org.springframework.jdbc.core.JdbcTemplate">
        <constructor-arg name="dataSource" ref="dataSource"/>
    </bean>

    <bean id="stageJdbcTemplate" class="org.springframework.jdbc.core.JdbcTemplate">
        <constructor-arg name="dataSource" ref="stageXaDs"/>
    </bean>

    <bean id="productionJdbcTemplate" class="org.springframework.jdbc.core.JdbcTemplate">
        <constructor-arg name="dataSource" ref="productionXaDs"/>
    </bean>

    <bean id="autoLoaderBizDaoFactory" class="com.menards.autoloader.dao.factory.AutoLoaderBusinessDaoFactory">
        <constructor-arg name="jdbcTemplate" ref="autoLoaderBizJdbcTemplate"/>
    </bean>

    <bean id="stageDaoFactory" class="com.menards.autoloader.dao.factory.StageDaoFactory">
        <constructor-arg name="jdbcTemplate" ref="stageJdbcTemplate"/>
    </bean>

    <bean id="productionDaoFactory" class="com.menards.autoloader.dao.factory.ProductionDaoFactory">
        <constructor-arg name="jdbcTemplate" ref="productionJdbcTemplate"/>
    </bean>

    <bean id="transactionManager" class="org.springframework.transaction.jta.JtaTransactionManager">
        <property name="transactionManager" ref="BitronixTransactionManager" />
        <property name="userTransaction" ref="BitronixTransactionManager" />
    </bean>

    <tx:advice id="springBatchJobRepoDaoAdvice" transaction-manager="springBatchTxManager">
        <tx:attributes>
            <tx:method name="get*" read-only="true"/>
            <tx:method name="*" propagation="REQUIRED"/>
        </tx:attributes>
    </tx:advice>
    <aop:config>
        <aop:pointcut id="springBatchJobRepoDaoPointCut" expression="execution(* org.springframework.batch.core.repository.dao.Jdbc*Dao.*(..))"/>
        <aop:advisor advice-ref="springBatchJobRepoDaoAdvice" pointcut-ref="springBatchJobRepoDaoPointCut"/>
    </aop:config>
    <aop:config>
        <aop:pointcut id="autoLoaderBizPointCut" expression="execution(* com.menards.autoloader.service.*.*(..))"/>
        <aop:advisor advice-ref="springBatchJobRepoDaoAdvice" pointcut-ref="autoLoaderBizPointCut"/>
    </aop:config>

    <tx:advice id="jtaDaoAdvice" transaction-manager="transactionManager">
        <tx:attributes>
            <tx:method name="*" propagation="REQUIRED" rollback-for="java.lang.Exception"/>
        </tx:attributes>
    </tx:advice>
    <aop:config>
        <aop:pointcut id="jtaPointCut" expression="execution(* com.menards.autoloader.service.*.*(..))"/>
        <aop:advisor advice-ref="jtaDaoAdvice" pointcut-ref="jtaPointCut"/>
    </aop:config>
    
    <bean id="securityRightsFilter" class="com.menards.autoloader.filter.SecurityRightsFilter">
        <property name="securityDelegate" ref="securityDelegate" />
    </bean>
    
    <bean id="securityDelegate" class="com.menards.autoloader.security.MenardSecurityDelegate">
        <property name="sds" ref="concreteMySQLSecurityDAO" />
    </bean>
    
    <bean id="concreteMySQLSecurityDAO" class="com.menards.autoloader.security.MenardConcreteMySQLSecurityDAO">
        <property name="ds" ref="rightsDS" />
    </bean>
</beans>