<?xml version="1.0" encoding="UTF-8"?>
<beans:beans xmlns="http://www.springframework.org/schema/integration"
             xmlns:xsi="http://www.w3.org/2001/XMLSchema-instance"
             xmlns:beans="http://www.springframework.org/schema/beans"
             xmlns:int-mail="http://www.springframework.org/schema/integration/mail"
             xsi:schemaLocation="http://www.springframework.org/schema/beans
    http://www.springframework.org/schema/beans/spring-beans.xsd
    http://www.springframework.org/schema/integration
    http://www.springframework.org/schema/integration/spring-integration.xsd
    http://www.springframework.org/schema/integration/mail
    http://www.springframework.org/schema/integration/mail/spring-integration-mail.xsd">

    <!--**************************Gateway and Service Activator for MCR REACTIVATED************************-->
    <gateway id="mcrGateway" service-interface="com.menards.autoloader.integration.gateway.McrGateway"
        default-request-channel="mcrGatewayInputChannel"/>

    <channel id="mcrGatewayInputChannel" >
        <queue capacity="20"/>
    </channel>

    <service-activator input-channel="mcrGatewayInputChannel" ref="mcrService" method="reactivateMcr">
        <poller fixed-delay="2" time-unit="SECONDS" max-messages-per-poll="1"/>
    </service-activator>

    <!--***********Gateway and Service Activator for MCR APPROVED, STAGE PUBLISH, PRODUCTION RELEASE****************-->
    <gateway id="jobGateway" service-interface="com.menards.autoloader.integration.gateway.JobGateway"/>

    <channel id="runExcelToStageJobChannel" >
        <queue capacity="100"/>
    </channel>

    <service-activator input-channel="runExcelToStageJobChannel"
                       expression="@autoLoaderJobService.runExcelToStageJob(payload, headers.mcrId)">
        <poller fixed-delay="2" time-unit="SECONDS" max-messages-per-poll="1"/>
    </service-activator>

    <channel id="runStageToProductionJobChannel" >
        <queue capacity="100"/>
    </channel>

    <service-activator input-channel="runStageToProductionJobChannel"
                       ref="autoLoaderJobService" method="runStageToProductionJob">
        <poller fixed-delay="2" time-unit="SECONDS" max-messages-per-poll="1"/>
    </service-activator>

    <channel id="runProductionReleaseJobChannel" >
        <!--<queue capacity="100"/>-->
    </channel>

    <service-activator input-channel="runProductionReleaseJobChannel"
                       ref="autoLoaderJobService" method="runProductionReleaseJob">
        <!--<poller fixed-rate="1000" max-messages-per-poll="1"/>-->
    </service-activator>

    <!--**************************Gateway and Service Activator for SENDING EMAIL************************-->
    <gateway id="emailGateway" service-interface="com.menards.autoloader.integration.gateway.EmailGateway"
             default-request-channel="emailTransformationChannel"/>

    <channel id="emailTransformationChannel">
        <queue capacity="100"/>
    </channel>

    <beans:bean id="emailTransformer" class="com.menards.autoloader.integration.transformer.McrEmailTransformer"/>

    <transformer ref="emailTransformer"
                 method="transformToMcrMailMessage"
                 input-channel="emailTransformationChannel"
                 output-channel="outboundMailChannel">
        <poller fixed-delay="2000"/>
    </transformer>

    <channel id="outboundMailChannel">
        <!--<queue capacity="20"/>-->
    </channel>

    <int-mail:outbound-channel-adapter channel="outboundMailChannel" mail-sender="mailSender"/>

</beans:beans>