<?xml version="1.0" encoding="UTF-8"?>
<beans xmlns="http://www.springframework.org/schema/beans"
       xmlns:p="http://www.springframework.org/schema/p"
       xmlns:xsi="http://www.w3.org/2001/XMLSchema-instance"
       xmlns:int-jmx="http://www.springframework.org/schema/integration/jmx"
       xmlns:jee="http://www.springframework.org/schema/jee"
       xmlns:jdbc="http://www.springframework.org/schema/jdbc" xmlns:tx="http://www.springframework.org/schema/tx"
       xmlns:aop="http://www.springframework.org/schema/aop"
       xmlns:context="http://www.springframework.org/schema/context"
       xsi:schemaLocation="http://www.springframework.org/schema/jee http://www.springframework.org/schema/jee/spring-jee-3.0.xsd
	    http://www.springframework.org/schema/jdbc http://www.springframework.org/schema/jdbc/spring-jdbc-3.0.xsd
		http://www.springframework.org/schema/beans http://www.springframework.org/schema/beans/spring-beans.xsd
		http://www.springframework.org/schema/context http://www.springframework.org/schema/context/spring-context-3.0.xsd
		http://www.springframework.org/schema/integration/jmx http://www.springframework.org/schema/integration/jmx/spring-integration-jmx.xsd
		http://www.springframework.org/schema/tx http://www.springframework.org/schema/tx/spring-tx.xsd
		http://www.springframework.org/schema/aop http://www.springframework.org/schema/aop/spring-aop.xsd">

    <context:component-scan base-package="com.menards.autoloader.service"/>
    <context:component-scan base-package="com.menards.autoloader.dao"/>
    <context:component-scan base-package="com.menards.autoloader.validator"/>
    <context:component-scan base-package="com.menards.autoloader.utils.validation"/>

    <bean id="springApplicationContext" class="com.menards.autoloader.utils.SpringApplicationContext"/>

    <!--overriding the same bean to use the property file we intended to use.-->
    <bean id="placeholderProperties" class="org.springframework.beans.factory.config.PropertyPlaceholderConfigurer">
        <property name="locations">
            <list>
                <value>classpath:auto-loader-web/batch-default.properties</value>
            </list>
        </property>
        <property name="systemPropertiesModeName" value="SYSTEM_PROPERTIES_MODE_OVERRIDE"/>
        <property name="ignoreResourceNotFound" value="true"/>
        <property name="ignoreUnresolvablePlaceholders" value="false"/>
        <property name="order" value="1"/>
    </bean>

    <!--overriding the same bean to disable JMX-->
    <bean id="batchMBeanExporter" class="java.lang.String"/>

    <!--overriding the same bean defined in spring-batch-admin-manager.jar!META-INF/spring/batch/bootstrap/integration/file-context.xml
    to point the output to the "${file.inbound.folder}"-->
    <bean id="fileService" class="com.menards.autoloader.service.LocalFileService">
        <property name="fileSender" ref="fileSender" />
    </bean>

    <bean class="com.menards.autoloader.service.ExcelValidationService"
            p:stageResourceRootFolder="${stage.resource.root.folder}"
            p:productionResourceRootFolder="${production.resource.root.folder}"/>


    <bean id="mailSender" class="org.springframework.mail.javamail.JavaMailSenderImpl">
        <property name="host" value="${mail.smtp.host}" />
        <property name="port" value="${mail.smtp.port}" />
<!--        <property name="username" value="${mail.smtp.user}" />
        <property name="password" value="${mail.smtp.credential}" />-->
        <property name="javaMailProperties">
            <props>
                <prop key="mail.smtp.auth">${mail.smtp.need.auth}</prop>
                <prop key="mail.smtp.starttls.enable">false</prop>
            </props>
        </property>
    </bean>
</beans>