<?xml version="1.0" encoding="UTF-8" standalone="yes"?>
<datasources>
    <local-tx-datasource>
        <jndi-name>jdbc/MenardsRental_Attachments</jndi-name>
        <rar-name>jboss-local-jdbc.rar</rar-name>
        <use-java-context>true</use-java-context>
        <connection-definition>javax.sql.DataSource</connection-definition>
        <jmx-invoker-name>jboss:service=invoker,type=jrmp</jmx-invoker-name>
        <min-pool-size>0</min-pool-size>
        <max-pool-size>10</max-pool-size>
        <blocking-timeout-millis>30000</blocking-timeout-millis>
        <idle-timeout-millis>500</idle-timeout-millis>
       <prefill>false</prefill>
        <valid-connection-checker-class-name>org.jboss.resource.adapter.jdbc.vendor.MySQLValidConnectionChecker</valid-connection-checker-class-name>
        <background-validation>true</background-validation>
        <background-validation-millis>1000</background-validation-millis>
        <validate-on-match>true</validate-on-match>
        <statistics-formatter>org.jboss.resource.statistic.pool.JBossDefaultSubPoolStatisticFormatter</statistics-formatter>
        <isSameRM-override-value>false</isSameRM-override-value>
        <allocation-retry>0</allocation-retry>
        <allocation-retry-wait-millis>5000</allocation-retry-wait-millis>
        <application-managed-security xsi:type="securityMetaData" xmlns:xsi="http://www.w3.org/2001/XMLSchema-instance"/>
        <metadata/>
        <local-transaction/>
        <user-name>rental_app</user-name>
        <password>r3nt1ng</password>
        <prepared-statement-cache-size>10</prepared-statement-cache-size>
       <share-prepared-statements>false</share-prepared-statements>
        <set-tx-query-timeout>false</set-tx-query-timeout>
        <query-timeout>0</query-timeout>
        <use-try-lock>0</use-try-lock>
        <driver-class>com.mysql.jdbc.Driver</driver-class>
        <connection-url>jdbc:mysql://mymenards-mysql_d.menards.net:3306/menards_rental_attachments</connection-url>
    </local-tx-datasource>
</datasources>
