<?xml version="1.0" encoding="UTF-8"?>
<persistence xmlns="http://java.sun.com/xml/ns/persistence"
             xmlns:xsi="http://www.w3.org/2001/XMLSchema-instance"
             xsi:schemaLocation="http://java.sun.com/xml/ns/persistence http://java.sun.com/xml/ns/persistence/persistence_2_0.xsd"
             version="2.0">   
      <persistence-unit name="blPU" transaction-type="RESOURCE_LOCAL">
        <non-jta-data-source>jdbc/web</non-jta-data-source>
    	<class>com.menards.ssc.domain.order.MenardOrderItemTrackingHistory</class>
    	<class>com.menards.ssc.domain.order.MenardOrderImpl</class>
    	<class>com.menards.ssc.domain.order.OrderItemHistory</class>
    	<class>com.menards.ssc.domain.order.MenardOrderItemHistory</class>
    	<class>com.menards.ssc.domain.order.MenardDiscreteOrderItemImpl</class>
    	<class>com.menards.ssc.domain.breadcrumb.BreadCrumbConfig</class>
    	<class>com.menards.ssc.domain.catalog.MenardProductDesc</class>
    	<class>com.menards.ssc.domain.catalog.MenardSkuImpl</class>
    	<class>com.menards.ssc.domain.catalog.MenardProductImpl</class>
    	<class>com.menards.ssc.domain.catalog.MenardProductOption</class>
    	<class>com.menards.ssc.domain.vendor.MenardVendorImpl</class>
        <exclude-unlisted-classes/>
        <properties>
            <property name="hibernate.hbm2ddl.auto" value="none"/>
            <property name="hibernate.show_sql" value="false"/>
            <property name="hibernate.max_fetch_depth" value="3"/>     
            <property name="hibernate.default_batch_fetch_size" value="100"/>  
            <property name="hibernate.dialect" value="org.hibernate.dialect.MySQL5InnoDBDialect"/>
            <property name="hibernate.id.new_generator_mappings" value="true"/>
            <property name="hibernate.cache.region.factory_class" value="org.hibernate.cache.ehcache.SingletonEhCacheRegionFactory"/>
        </properties>
     </persistence-unit>
      <persistence-unit name="blCMSStorage" transaction-type="RESOURCE_LOCAL">
        <non-jta-data-source>jdbc/web</non-jta-data-source>
        <exclude-unlisted-classes/>
        <properties>
            <property name="hibernate.hbm2ddl.auto" value="none"/>
            <property name="hibernate.show_sql" value="false"/>
            <property name="hibernate.dialect" value="org.hibernate.dialect.MySQL5InnoDBDialect"/>
            <property name="hibernate.max_fetch_depth" value="3"/>     
            <property name="hibernate.default_batch_fetch_size" value="100"/>          
            <property name="hibernate.id.new_generator_mappings" value="true"/>
            <property name="hibernate.cache.region.factory_class" value="org.hibernate.cache.ehcache.SingletonEhCacheRegionFactory"/>
        </properties>
    </persistence-unit>    
    <persistence-unit name="blSecurePU" transaction-type="RESOURCE_LOCAL">
        <non-jta-data-source>jdbc/web</non-jta-data-source>
        <exclude-unlisted-classes/>
        <properties>
            <property name="hibernate.hbm2ddl.auto" value="none"/>
            <property name="hibernate.show_sql" value="false"/>
            <property name="hibernate.dialect" value="org.hibernate.dialect.MySQL5InnoDBDialect"/>
            <property name="hibernate.id.new_generator_mappings" value="true"/>
            <property name="hibernate.cache.region.factory_class" value="org.hibernate.cache.ehcache.SingletonEhCacheRegionFactory"/>
        </properties>
    </persistence-unit>
   
</persistence>