<?xml version="1.0" encoding="UTF-8"?>
<persistence xmlns="http://java.sun.com/xml/ns/persistence"
             xmlns:xsi="http://www.w3.org/2001/XMLSchema-instance"
             xsi:schemaLocation="http://java.sun.com/xml/ns/persistence http://java.sun.com/xml/ns/persistence/persistence_2_0.xsd"
             version="2.0"> 
     <persistence-unit name="signPU" transaction-type="RESOURCE_LOCAL">
        <non-jta-data-source>jdbc/sign</non-jta-data-source> 
        <class>com.menards.ssc.domain.sign.SignVersion</class>
        <class>com.menards.ssc.domain.sign.Stock</class>
        <class>com.menards.ssc.domain.sign.SignDist</class>
        <class>com.menards.ssc.domain.sign.Yard</class>
        <class>com.menards.ssc.domain.sign.SignSaleInfo</class>
        <class>com.menards.ssc.domain.sign.SignHistory</class>
        <exclude-unlisted-classes/>
        <properties>
            <property name="hibernate.hbm2ddl.auto" value="none"/>
            <property name="hibernate.show_sql" value="false"/>
            <property name="hibernate.dialect" value="org.hibernate.dialect.InformixDialect"/>
            <property name="hibernate.id.new_generator_mappings" value="true"/>
            <property name="hibernate.cache.region.factory_class" value="org.hibernate.cache.ehcache.SingletonEhCacheRegionFactory"/>
        </properties>
    </persistence-unit>    
     <persistence-unit name="colorSignPU" transaction-type="RESOURCE_LOCAL">
        <non-jta-data-source>jdbc/colorSign</non-jta-data-source> 
        <exclude-unlisted-classes>true</exclude-unlisted-classes>
        <properties>
            <property name="hibernate.hbm2ddl.auto" value="none"/>
            <property name="hibernate.show_sql" value="false"/>
            <property name="hibernate.dialect"  value="org.hibernate.dialect.Oracle9iDialect"/>
            <property name="hibernate.id.new_generator_mappings" value="true"/>
            <property name="hibernate.cache.region.factory_class" value="org.hibernate.cache.ehcache.SingletonEhCacheRegionFactory"/>
        </properties>
    </persistence-unit> 
</persistence>