<?xml version="1.0" encoding="UTF-8"?>
<persistence xmlns="http://java.sun.com/xml/ns/persistence"
             xmlns:xsi="http://www.w3.org/2001/XMLSchema-instance"
             xsi:schemaLocation="http://java.sun.com/xml/ns/persistence http://java.sun.com/xml/ns/persistence/persistence_2_0.xsd"
             version="2.0"> 
      <persistence-unit name="rightsPU" transaction-type="RESOURCE_LOCAL">
        <non-jta-data-source>jdbc/rights</non-jta-data-source>
        <exclude-unlisted-classes/>
        <properties>
            <property name="hibernate.hbm2ddl.auto" value="none"/>
            <property name="hibernate.show_sql" value="false"/>
            <property name="hibernate.dialect" value="org.hibernate.dialect.MySQL5InnoDBDialect"/>
            <property name="hibernate.id.new_generator_mappings" value="true"/>
            <property name="hibernate.cache.region.factory_class" value="org.hibernate.cache.ehcache.SingletonEhCacheRegionFactory"/>
        </properties>
    </persistence-unit>
</persistence>