<?xml version="1.0" encoding="UTF-8"?>
<beans xmlns="http://www.springframework.org/schema/beans"
       xmlns:p="http://www.springframework.org/schema/p"
       xmlns:xsi="http://www.w3.org/2001/XMLSchema-instance"
       xmlns:context="http://www.springframework.org/schema/context"
       xmlns:int-jmx="http://www.springframework.org/schema/integration/jmx"
       xmlns:jee="http://www.springframework.org/schema/jee"
       xmlns:jdbc="http://www.springframework.org/schema/jdbc" xmlns:tx="http://www.springframework.org/schema/tx"
       xmlns:aop="http://www.springframework.org/schema/aop"
       xsi:schemaLocation="http://www.springframework.org/schema/jee http://www.springframework.org/schema/jee/spring-jee-3.0.xsd
	    http://www.springframework.org/schema/jdbc http://www.springframework.org/schema/jdbc/spring-jdbc-3.0.xsd
		http://www.springframework.org/schema/beans http://www.springframework.org/schema/beans/spring-beans.xsd
		http://www.springframework.org/schema/context http://www.springframework.org/schema/context/spring-context-3.0.xsd
		http://www.springframework.org/schema/integration/jmx http://www.springframework.org/schema/integration/jmx/spring-integration-jmx.xsd
		http://www.springframework.org/schema/tx http://www.springframework.org/schema/tx/spring-tx.xsd
		http://www.springframework.org/schema/aop http://www.springframework.org/schema/aop/spring-aop.xsd">

    <!--~~~~~~~~~~~~~~~~~~~~~~~~~~~~~General Configuration~~~~~~~~~~~~~~~~~~~~~~~~~~~~~-->
    <bean id="placeholderProperties" class="org.springframework.beans.factory.config.PropertyPlaceholderConfigurer">
        <property name="locations">
            <list>
                <value>classpath:auto-loader-web/batch-default.properties</value>
            </list>
        </property>
        <property name="systemPropertiesModeName" value="SYSTEM_PROPERTIES_MODE_OVERRIDE"/>
        <property name="ignoreResourceNotFound" value="true"/>
        <property name="ignoreUnresolvablePlaceholders" value="false"/>
        <property name="order" value="1"/>
    </bean>

    <bean id="messageSource" class="org.springframework.context.support.ResourceBundleMessageSource">
        <property name="basenames">
            <list merge="false">
                <value>META-INF/spring/batch/servlet/override/custom-message</value>
                <value>org/springframework/batch/admin/web/manager/html-resources</value>
                <value>org/springframework/batch/admin/web/manager/json-resources</value>
            </list>
        </property>
    </bean>

    <!--~~~~~~~~~~~~~~~~~~~~~~~~~~~~~Menu Configuration~~~~~~~~~~~~~~~~~~~~~~~~~~~~~-->
    <bean class="org.springframework.batch.admin.web.resources.BaseMenu" parent="baseMenu">
        <constructor-arg name="url" value="/file"/>
        <constructor-arg name="label" value="Validation"/>
        <constructor-arg name="order" value="4"/>
    </bean>

    <bean class="org.springframework.batch.admin.web.resources.BaseMenu" parent="baseMenu">
        <constructor-arg name="url" value="/mcr"/>
        <constructor-arg name="label" value="MCR"/>
        <constructor-arg name="order" value="5"/>
    </bean>

    <bean class="org.springframework.batch.admin.web.resources.BaseMenu" parent="baseMenu">
        <constructor-arg name="url" value="/mcrApproval"/>
        <constructor-arg name="label" value="MCR Approval"/>
        <constructor-arg name="order" value="6"/>
    </bean>

    <bean class="org.springframework.batch.admin.web.resources.BaseMenu" parent="baseMenu">
        <constructor-arg name="url" value="/mcrReactivate"/>
        <constructor-arg name="label" value="MCR Reactivate"/>
        <constructor-arg name="order" value="7"/>
    </bean>

    <bean class="org.springframework.batch.admin.web.resources.BaseMenu" parent="baseMenu">
        <constructor-arg name="url" value="/stageApproval"/>
        <constructor-arg name="label" value="Stage Approval"/>
        <constructor-arg name="order" value="8"/>
    </bean>

<!--    <bean class="org.springframework.batch.admin.web.resources.BaseMenu" parent="baseMenu">
        <constructor-arg name="url" value="/productionRelease"/>
        <constructor-arg name="label" value="Production Release"/>
        <constructor-arg name="order" value="9"/>
    </bean>-->

    <bean id="menuManager" class="com.menards.autoloader.utils.MenuManager" />

    <!--~~~~~~~~~~~~~~~~~~~~~~~~~~~~~Controller Declarations~~~~~~~~~~~~~~~~~~~~~~~~~~~~~-->

<!--    <bean class="com.menards.autoloader.controller.FileController"/>
    <context:annotation-config/>-->
    <context:component-scan base-package="com.menards.autoloader.controller"/>
    <context:component-scan base-package="com.menards.autoloader.dao.mcr"/>

    <!--~~~~~~~~~~~~~~~~~~~~~~~~~~~~~View Mapping Configuration~~~~~~~~~~~~~~~~~~~~~~~~~~~~~-->
    <bean id="standard" parent="parentLayout">
        <property name="url" value="/standard.ftl" />
        <property name="contentType" value="text/html;charset=UTF-8" />
        <property name="attributes">
            <props merge="true">
                <prop key="body">/dummy-home.ftl</prop>
                <!-- Matches the prefix of the servlet mapping in web.xml -->
                <prop key="servletPath">#{resourceService.servletPath}</prop>
            </props>
        </property>
    </bean>

    <bean name="file" parent="standard">
        <property name="attributes">
            <props merge="true">
                <prop key="body">/files/files.ftl</prop>
                <prop key="titleCode">files.title</prop>
                <prop key="titleText">Spring Batch Admin: Input File Uploads</prop>
            </props>
        </property>
    </bean>

    <bean name="error" parent="standard">
        <property name="attributes">
            <props merge="true">
                <prop key="body">/error.ftl</prop>
                <prop key="titleText">Spring Batch Admin: error</prop>
            </props>
        </property>
    </bean>

    <bean name="redirect:file" class="org.springframework.web.servlet.view.RedirectView">
        <property name="url" value="#{resourceService.servletPath}/file" />
        <property name="contextRelative" value="true" />
    </bean>

    <bean name="mcr" parent="standard">
        <property name="attributes">
            <props merge="true">
                <prop key="body">/mcr/mcr.ftl</prop>
                <prop key="side">/mcr/mcr-side.ftl</prop>
            </props>
        </property>
    </bean>

    <bean name="mcrApproval" parent="standard">
        <property name="attributes">
            <props merge="true">
                <prop key="body">/mcr-approval/mcr-approval.ftl</prop>
                <prop key="side">/mcr-approval/mcr-approval-side.ftl</prop>
            </props>
        </property>
    </bean>

    <bean name="mcrReactivate" parent="standard">
        <property name="attributes">
            <props merge="true">
                <prop key="body">/mcr-reactivate/mcr-reactivate.ftl</prop>
                <prop key="side">/mcr-reactivate/mcr-reactivate-side.ftl</prop>
            </props>
        </property>
    </bean>

    <bean name="productionRelease" parent="standard">
        <property name="attributes">
            <props merge="true">
                <prop key="body">/production-release/production-release.ftl</prop>
                <prop key="side">/production-release/production-release-side.ftl</prop>
            </props>
        </property>
    </bean>

    <bean name="stageApproval" parent="standard">
        <property name="attributes">
            <props merge="true">
                <prop key="body">/stage-approval/stage-approval.ftl</prop>
                <prop key="side">/stage-approval/stage-approval-side.ftl</prop>
            </props>
        </property>
    </bean>

</beans>