<?xml version="1.0" encoding="UTF-8" standalone="no"?>
<beans xmlns="http://www.springframework.org/schema/beans"
	xmlns:aop="http://www.springframework.org/schema/aop" xmlns:context="http://www.springframework.org/schema/context"
	xmlns:jee="http://www.springframework.org/schema/jee" xmlns:tx="http://www.springframework.org/schema/tx"
	xmlns:xsi="http://www.w3.org/2001/XMLSchema-instance"
	xsi:schemaLocation="http://www.springframework.org/schema/aop http://www.springframework.org/schema/aop/spring-aop-3.0.xsd
	http://www.springframework.org/schema/beans http://www.springframework.org/schema/beans/spring-beans-3.0.xsd
	http://www.springframework.org/schema/context http://www.springframework.org/schema/context/spring-context-3.0.xsd
	http://www.springframework.org/schema/jee http://www.springframework.org/schema/jee/spring-jee-3.0.xsd
	http://www.springframework.org/schema/tx http://www.springframework.org/schema/tx/spring-tx-3.0.xsd">
	<!--
		This will automatically locate any and all property files you have
		within your classpath, provided they fall under the META-INF/spring
		directory. The located property files are parsed and their values can
		then be used within application context files in the form of
		${propertyKey}.
	-->
	<context:property-placeholder location="classpath*:*.properties, classpath:rentalAgreements/rentalAgreements.properties" />

	<!--
		Turn on AspectJ @Configurable support. As a result, any time you
		instantiate an object, Spring will attempt to perform dependency
		injection on that object. This occurs for instantiation via the "new"
		keyword, as well as via reflection. This is possible because AspectJ
		is used to "weave" Roo-based applications at compile time. In effect
		this feature allows dependency injection of any object at all in your
		system, which is a very useful feature (without @Configurable you'd
		only be able to dependency inject objects acquired from Spring or
		subsequently presented to a specific Spring dependency injection
		method). Roo applications use this useful feature in a number of
		areas, such as @PersistenceContext injection into entities.
	-->
	<context:spring-configured />

	<!--
		This declaration will cause Spring to locate every @Component,
		@Repository and @Service in your application. In practical terms this
		allows you to write a POJO and then simply annotate the new POJO as an
		@Service and Spring will automatically detect, instantiate and
		dependency inject your service at startup time. Importantly, you can
		then also have your new service injected into any other class that
		requires it simply by declaring a field for your service inside the
		relying class and Spring will inject it. Note that two exclude filters
		are declared. The first ensures that Spring doesn't spend time
		introspecting Roo-specific ITD aspects. The second ensures Roo doesn't
		instantiate your @Controller classes, as these should be instantiated
		by a web tier application context. Refer to web.xml for more details
		about the web tier application context setup services. Furthermore,
		this turns on @Autowired, @PostConstruct etc support. These
		annotations allow you to use common Spring and Java Enterprise Edition
		annotations in your classes without needing to do any special
		configuration. The most commonly used annotation is @Autowired, which
		instructs Spring to dependency inject an object into your class.
	-->
	<context:component-scan base-package="com.menards.rental">
		<context:exclude-filter expression=".*_Roo_.*"
			type="regex" />
		<context:exclude-filter expression="org.springframework.stereotype.Controller"
			type="annotation" />
	</context:component-scan>

	<jee:jndi-lookup id="dataSource" jndi-name="java:/jdbc/MenardsRental"
		proxy-interface="javax.sql.DataSource" />

	<jee:jndi-lookup id="dataSourceAttachments" jndi-name="java:/jdbc/MenardsRental_Attachments"
		proxy-interface="javax.sql.DataSource" />

	<bean class="org.springframework.orm.jpa.JpaTransactionManager"
		id="transactionManager">
		<property name="entityManagerFactory" ref="entityManagerFactory" />
	</bean>

	<jee:jndi-lookup id="rightsDataSource"	jndi-name="java:/jdbc/rights"
		proxy-interface="javax.sql.DataSource" />

	<tx:annotation-driven mode="aspectj"
		transaction-manager="transactionManager" />
	<bean
		class="org.springframework.orm.jpa.LocalContainerEntityManagerFactoryBean"
		id="entityManagerFactory">
		<property name="dataSource" ref="dataSource" />
	</bean>

    <bean id="sessionFactory" class="org.springframework.orm.hibernate3.annotation.AnnotationSessionFactoryBean">
        <property name="dataSource" ref="dataSourceAttachments" />
        <property name="hibernateProperties">
          <props>
              <prop key="hibernate.dialect">org.hibernate.dialect.MySQLDialect</prop>
              <!--value='create' to build a new database on each run; value='update' to modify an existing database; value='create-drop' means the same as 'create' but also drops tables when Hibernate closes; value='validate' makes no changes to the database-->
              <prop key="hibernate.hbm2ddl.auto">update</prop>
              <prop key="hibernate.ejb.naming_strategy">org.hibernate.cfg.ImprovedNamingStrategy</prop>
            </props>
        </property>
        <property name="annotatedClasses">
            <list>
                <value>com.menards.rental.domain.ArchivedAgreementData</value>
           </list>
        </property>
    </bean>
    
    <bean id="rentalSessionFactory" class="org.springframework.orm.hibernate3.annotation.AnnotationSessionFactoryBean">
        <property name="dataSource" ref="dataSource" />
        <property name="hibernateProperties">
          <props>
              <prop key="hibernate.dialect">org.hibernate.dialect.MySQLDialect</prop>
              <prop key="hibernate.hbm2ddl.auto">none</prop>
              <prop key="hibernate.ejb.naming_strategy">org.hibernate.cfg.ImprovedNamingStrategy</prop>
            </props>
        </property>
        <property name="packagesToScan" value="com.menards.rental.domain.questions"/>
    </bean>

	<bean id="schedulerFactoryBean" class="org.springframework.scheduling.quartz.SchedulerFactoryBean">
		<property name="triggers">
			<list>
				<ref bean="storeUtilityReportSenderTrigger" />
				<ref bean="goUtilityWeeklyTaskTrigger" />
			    <ref bean="goUtilityDailyTaskTrigger" />
                <ref bean="makeOnHoldItemsAvailableTrigger" />
                <ref bean="cancelReservationsTrigger" />
			</list>
		</property>
	</bean>

	<bean id="goUtilityTaskSchedular" class="com.menards.rental.scheduler.GoUtilityTaskScheduler" />

	<bean id="goUtilityDailyTaskJob"
		class="org.springframework.scheduling.quartz.MethodInvokingJobDetailFactoryBean">
		<property name="targetObject" ref="goUtilityTaskSchedular" />
		<property name="targetMethod" value="doDailyTask" />
	</bean>
	<bean id="goUtilityDailyTaskTrigger" class="org.springframework.scheduling.quartz.CronTriggerBean">
		<property name="jobDetail" ref="goUtilityDailyTaskJob" />
		<!-- For testing enable this cron expression which fires every 10 s. Please make
		     sure your email server and recipient email id are fine to recieve the bulk
        <property name="cronExpression" value="0/10 * * * * ?"/>
         -->
        <!-- For testing disable this and enable above one. This fires at 5AM every morning -->
        <property name="cronExpression" value="0 00 05 ? * *"/>
	</bean>

	<bean id="goUtilityWeeklyTaskJob"
		class="org.springframework.scheduling.quartz.MethodInvokingJobDetailFactoryBean">
		<property name="targetObject" ref="goUtilityTaskSchedular" />
		<property name="targetMethod" value="doWeeklyTask" />
	</bean>
	<bean id="goUtilityWeeklyTaskTrigger" class="org.springframework.scheduling.quartz.CronTriggerBean">
		<property name="jobDetail" ref="goUtilityWeeklyTaskJob" />
		<!--
			For testing enable this cron expression which fires every 10 s.
			Please make sure your email server and recipient email id are fine to
			recieve the bulk <property name="cronExpression" value="0/10 * * * *
			?"/>
		-->
		<!--
			For testing disable this and enable above one. This fires at 11:59 pm
			every saturday
		-->
		<property name="cronExpression" value="0 59 23 ? * SAT" />
	</bean>

	<bean id="storeUtilityReportSender" class="com.menards.rental.scheduler.StoreUtilityTaskScheduler" />
	<bean id="storeUtilityReportSenderJob"
		class="org.springframework.scheduling.quartz.MethodInvokingJobDetailFactoryBean">
		<property name="targetObject" ref="storeUtilityReportSender" />
		<property name="targetMethod" value="doDailyTask" />
	</bean>

	<bean id="storeUtilityReportSenderTrigger" class="org.springframework.scheduling.quartz.CronTriggerBean">
		<property name="jobDetail" ref="storeUtilityReportSenderJob" />
			<!--For testing enable this cron expression which fires every 10 s.-->
			<!--Please make sure your email server and recipient email id are fine to-->
			<!--recieve the bulk -->
			<!--<property name="cronExpression" value="0/10 * * * * ?"/>-->

		<!--
			For testing disable this and enable above one. This fires at 11:55 pm
			in the night
		-->
		<property name="cronExpression" value="0 55 23 ? * *" />
	</bean>

    <bean id="makeOnHoldItemsAvailableJob"
        class="org.springframework.scheduling.quartz.MethodInvokingJobDetailFactoryBean">
        <property name="targetObject" ref="cleanupDataTaskSchedular" />
        <property name="targetMethod" value="makeOnHoldItemsAvailable" />
    </bean>
    <bean id="makeOnHoldItemsAvailableTrigger" class="org.springframework.scheduling.quartz.CronTriggerBean">
        <property name="jobDetail" ref="makeOnHoldItemsAvailableJob" />
        <!-- For testing enable this cron expression which fires every 10 s. Please make
             sure your email server and recipient email id are fine to recieve the bulk
        <property name="cronExpression" value="0/10 * * * * ?"/>
         -->
        <!-- For testing disable this and enable above one. This fires once every 2 minutes -->
        <property name="cronExpression" value="0 0/2 * * * ?"/>
    </bean>

    <bean id="cancelReservationsJob"
        class="org.springframework.scheduling.quartz.MethodInvokingJobDetailFactoryBean">
        <property name="targetObject" ref="cleanupDataTaskSchedular" />
        <property name="targetMethod" value="cancelReservations" />
    </bean>
    <bean id="cancelReservationsTrigger" class="org.springframework.scheduling.quartz.CronTriggerBean">
        <property name="jobDetail" ref="cancelReservationsJob" />
        <!-- For testing enable this cron expression which fires every 10 s. Please make
             sure your email server and recipient email id are fine to recieve the bulk
        <property name="cronExpression" value="0/10 * * * * ?"/>
         -->
        <!-- For testing disable this and enable above one. This fires at every 10 seconds after the minute -->
        <property name="cronExpression" value="10 0/1 * * * ?"/>
    </bean>

	<bean id="velocityEngine"
		class="org.springframework.ui.velocity.VelocityEngineFactoryBean">
		<property name="resourceLoaderPath">
			<value>/WEB-INF/classes/</value>
		</property>
	</bean>

	<bean class="com.menards.rental.service.ReservationService" id="reservationService">
		<property name="contextService" ref="contextService" />
		<property name="menardsService" ref="menardsService" />
		<property name="kioskService" ref="kioskService" />
		<property name="teamService" ref="teamService" />
		<property name="reservationRules">
			<list>
				<ref bean="noReservationsFoundReservationRule" />
				<ref
					bean="rentalDurationDoNotOverlapExistingReservationDurationReservationRule" />
				<ref
					bean="numberOfItemsGreaterThanNumberOfOverlappingReservationDurationReservationRule" />
				<ref
					bean="itemWillBeAvailableAtEveryOverlappingReservationPeriodReservationRule" />
			</list>
		</property>
	</bean>

	<!-- To Send emails -->
	<!--
		jee:jndi-lookup id="mailSession" jndi-name="java:/mail/Session"
		resource-ref="true" proxy-interface="javax.mail.Session"/
	-->

	<bean id="mailSender" class="org.springframework.mail.javamail.JavaMailSenderImpl">
       <property name="host" value="${menards.mail.server.host}"/>
       <property name="port" value="${menards.mail.server.port}"/>
	</bean>

    <aop:aspectj-autoproxy proxy-target-class="true" />

</beans>
