<?xml version="1.0" encoding="UTF-8"?>
<beans:beans xmlns="http://www.springframework.org/schema/security"
	xmlns:beans="http://www.springframework.org/schema/beans"
	xmlns:util="http://www.springframework.org/schema/util"
	xmlns:xsi="http://www.w3.org/2001/XMLSchema-instance"
	xsi:schemaLocation="
		http://www.springframework.org/schema/beans http://www.springframework.org/schema/beans/spring-beans-3.0.xsd
		http://www.springframework.org/schema/util http://www.springframework.org/schema/util/spring-util-3.0.xsd
		http://www.springframework.org/schema/security http://www.springframework.org/schema/security/spring-security-3.0.xsd">

    <!-- HTTP security configurations -->
    <http entry-point-ref="entryPoint" use-expressions="true">
        <custom-filter before="PRE_AUTH_FILTER" ref="myMenardsAuthFilter"/>
        <intercept-url pattern="/resources/**" filters="none"/>
        <intercept-url pattern="/static/**" filters="none"/>
        <intercept-url pattern="/agreement/barcode/**" filters="none"/>
        <intercept-url pattern="/agreement/transaction/barcode/**" filters="none"/>
        <intercept-url pattern="/agreement/report/**" filters="none"/>
        <intercept-url pattern="/reservation/report/**" filters="none"/>
        <intercept-url pattern="/report/agreement/**" access="permitAll"/>
        <intercept-url pattern="/generalofficeutility/requestreport/**" access="permitAll"/>
        <intercept-url pattern="/notAuthorized" access="permitAll"/>
        <intercept-url pattern="/**" access="isAuthenticated()"/>
    </http>
    
    <beans:bean id="entryPoint" class="org.springframework.security.web.authentication.preauth.PreAuthenticatedProcessingFilterEntryPoint" />	

	<beans:bean id="myMenardsAuthFilter" class="com.menards.rental.security.MyMenardsAutoLoginFilter" >
		<beans:property name="authenticationManager" ref="authenticationManager"/>        
		<beans:property name="systems" ref="systemsList"/>
		<beans:property name="menardsProperties" ref="menardsProperties"/>
	</beans:bean>

	<beans:bean id="preauthAuthProvider" class="org.springframework.security.web.authentication.preauth.PreAuthenticatedAuthenticationProvider">
		<beans:property name="preAuthenticatedUserDetailsService" ref="preAuthenticatedUserDetailsService"/>
	</beans:bean>
    
	<beans:bean id="preAuthenticatedUserDetailsService" class="com.menards.rental.security.MyMenardsUserDetailsService"></beans:bean>

	<authentication-manager alias="authenticationManager">
		<authentication-provider ref="preauthAuthProvider" />
	</authentication-manager>
    
	<util:list id="systemsList">
		<beans:value>WEBGADGETS</beans:value>
	</util:list>

</beans:beans>
