<?xml version="1.0" encoding="UTF-8"?>
<beans xmlns="http://www.springframework.org/schema/beans"
	xmlns:xsi="http://www.w3.org/2001/XMLSchema-instance" xmlns:webflow="http://www.springframework.org/schema/webflow-config"
	xmlns:p="http://www.springframework.org/schema/p"
	xsi:schemaLocation="
           http://www.springframework.org/schema/beans http://www.springframework.org/schema/beans/spring-beans-3.0.xsd
           http://www.springframework.org/schema/webflow-config http://www.springframework.org/schema/webflow-config/spring-webflow-config-2.0.xsd">

	<!--Maps request paths to flows in the flowRegistry-->
	<bean class="org.springframework.webflow.mvc.servlet.FlowHandlerMapping">
		<property name="order" value="0" />
		<property name="flowRegistry" ref="flowRegistry" />
	</bean>

	<!-- Dispatches requests mapped to flows to FlowHandler implementations -->
	<bean class="org.springframework.webflow.mvc.servlet.FlowHandlerAdapter">
		<property name="flowExecutor" ref="flowExecutor" />
	</bean>

	<!--Dispatches requests mapped to POJO @Controllers implementations-->
	<bean class="org.springframework.web.servlet.mvc.annotation.AnnotationMethodHandlerAdapter" />

	<!-- Dispatches requests mapped to org.springframework.web.servlet.mvc.Controller implementations -->
	<bean class="org.springframework.web.servlet.mvc.SimpleControllerHandlerAdapter" />
	
	<!-- Executes flows: the entry point into the Spring Web Flow system -->
	<webflow:flow-executor id="flowExecutor" />

	<!-- The registry of executable flow definitions -->
	<webflow:flow-registry id="flowRegistry" flow-builder-services="flowBuilderServices" base-path="/WEB-INF/views">
		<webflow:flow-location-pattern value="/**/*-flow.xml" />
	</webflow:flow-registry>

	<!-- Plugs in a custom creator for Web Flow views -->
	<webflow:flow-builder-services id="flowBuilderServices"
                                   view-factory-creator="mvcViewFactoryCreator"
                                   conversion-service="customConversionService"
                                   development="true" />

	<bean id="mvcViewFactoryCreator" class="org.springframework.webflow.mvc.builder.MvcViewFactoryCreator">
		<property name="viewResolvers" ref="tilesViewResolver" />
	</bean>
</beans>
